<?xml version="1.0" encoding="UTF-8"?><rss version="2.0"
	xmlns:content="http://purl.org/rss/1.0/modules/content/"
	xmlns:wfw="http://wellformedweb.org/CommentAPI/"
	xmlns:dc="http://purl.org/dc/elements/1.1/"
	xmlns:atom="http://www.w3.org/2005/Atom"
	xmlns:sy="http://purl.org/rss/1.0/modules/syndication/"
	xmlns:slash="http://purl.org/rss/1.0/modules/slash/"
	>

<channel>
	<title>Dự án sắp ra mắt &#8211; Bất động sản Bạch Gia Huy</title>
	<atom:link href="http://https://github.com/BachGiaHuy/ghuytrang-bds.git/danh-muc/du-an-sap-ra-mat/feed/" rel="self" type="application/rss+xml" />
	<link>http://https://github.com/BachGiaHuy/ghuytrang-bds.git/</link>
	<description>Thiết kế website đẹp - chuẩn SEO</description>
	<lastBuildDate>Fri, 20 Jul 2018 07:35:31 +0000</lastBuildDate>
	<language>vi</language>
	<sy:updatePeriod>
	hourly	</sy:updatePeriod>
	<sy:updateFrequency>
	1	</sy:updateFrequency>
	<generator>https://wordpress.org/?v=6.2.2</generator>
	<item>
		<title>HATECO APOLLO XUÂN PHƯƠNG</title>
		<link>http://https://github.com/BachGiaHuy/ghuytrang-bds.git/chi-tiet/hateco-apollo-xuan-phuong/</link>
					<comments>http://https://github.com/BachGiaHuy/ghuytrang-bds.git/chi-tiet/hateco-apollo-xuan-phuong/#respond</comments>
		
		<dc:creator><![CDATA[admin]]></dc:creator>
		<pubDate>Fri, 25 Aug 2017 16:56:24 +0000</pubDate>
				<guid isPermaLink="false">http://https://github.com/BachGiaHuy/ghuytrang-bds.git/?post_type=product#038;p=137</guid>

					<description><![CDATA[Tên dự án: Hateco Apollo Xuân Phương

Vị trí: Mặt đường QL 70 (giao đường Trần Hữu Dực), Nam Từ Liêm, HN

Chủ đầu tư: Hateco JSC

Quản lý &#38; tư vấn giám sát: Công ty CP TEXO

Diện tích đất nghiên cứu: 34.812 m2

Diện tích đất xây dựng: 12.277 m2

Mật độ xây dựng: 35,3%

Quy mô dự án:

3 tòa nhà chung cư 25 tầng (2 hầm để xe, 2 tầng TTTM, tầng 3 trở lên gồm 1300 căn hộ).
120 căn biệt thự liền kề.
1 hồ điều hòa rộng 7000m2 nằm trong lòng dự án.
Diện tích căn hộ: từ 50m2 đến 90m2 (2-3 PN).]]></description>
										<content:encoded><![CDATA[<p>Dự án Hateco Xuân Phương được quy hoạch xây dựng trên khu đất có tổng diện tích hơn 3,4 ha do uỷ ban nhân dân TP. Hà Nội phê duyệt theo quyết định số 6233/QĐ-UBND nằm tại quận Nam Từ Liêm, Hà Nội.</p>
<p>Sở hữu vị trí giao thông khá thuận lợi khi tiếp giáp với các tuyến đường giao thông huyết mạch của Thủ đô như: vành đai 3 tới Mỹ Đình – Xuân Phương, quốc lộ 32 đường 70 đi xuống Hà Đông và tuyến đường sắt Quốc gia giúp cho việc kết nối khu vực trung tâm hay đi ra các tỉnh sẽ rất thuận tiện.</p>
<p>Dự án là sự kết hợp hoàn hảo giữa nhóm nhà ở thấp tầng liền kề, biệt thự và khối căn hộ chung cư Hateco Xuân Phương bao gồm 3 toà tháp cao 25 tầng được thiết kế hiện đại với cảnh quan xanh bao trùm mang đến không gian sống thoáng đãng thân thiện với môi trường tự nhiên.</p>
<p>Đây là khu đô thị do công ty cổ phần đầu tư hạ tầng kiến trúc Hà Nội (Hateco) và được ngân hàng Vietcombank cam kết tài trợ vốn xây dựng cho dự án đảm bảo sau khi hoàn thiện tạo điểm nhấn và thay đổi hạ tầng đô thị quận Nam Từ Liêm.</p>
<p>&nbsp;</p>
]]></content:encoded>
					
					<wfw:commentRss>http://https://github.com/BachGiaHuy/ghuytrang-bds.git/chi-tiet/hateco-apollo-xuan-phuong/feed/</wfw:commentRss>
			<slash:comments>0</slash:comments>
		
		
			</item>
		<item>
		<title>VINHOMES GREEN BAY</title>
		<link>http://https://github.com/BachGiaHuy/ghuytrang-bds.git/chi-tiet/vinhomes-green-bay/</link>
					<comments>http://https://github.com/BachGiaHuy/ghuytrang-bds.git/chi-tiet/vinhomes-green-bay/#respond</comments>
		
		<dc:creator><![CDATA[admin]]></dc:creator>
		<pubDate>Fri, 25 Aug 2017 16:51:46 +0000</pubDate>
				<guid isPermaLink="false">http://https://github.com/BachGiaHuy/ghuytrang-bds.git/?post_type=product#038;p=128</guid>

					<description><![CDATA[Tên dự án: Vinhomes Green Bay

Chủ đầu tư: Tập đoàn Vingroup

Vị trí: Số 7 Đại lộ Thăng Long, Nam Từ Liêm, Hà Nội

Tổng diện tích: 31,8 ha

Diện tích xây dựng: 6,1 ha

Mật độ xây dựng: 19,3%

Loại hình sản phẩm: biệt thự sang trọng, căn hộ đẳng cấp

3 Phân khu: Mộc Lan, Hoàng Lan, Thạch Thảo

Tư vấn thiết kế: SRSS (Mỹ)

Diện tích căn hộ: 42 – 130 m2 từ 1 đến 4 PN

Dự kiến bàn giao: 2018]]></description>
										<content:encoded><![CDATA[<p>Vinhomes Green Bay là khu đô thị đẳng cấp tọa lạc trên Đại lộ Thăng Long, trung tâm Quận Từ Liêm, Hà Nội. Sở hữu vị trí đắc địa phía Tây Hà Nội, Vinhomes Mễ Trì thừa hưởng hạ tầng tiện ích hiện đại của khu vực cũng như ngay trong khu đô thị bao gồm bệnh viện, trường học, thương mại, giải trí, công viên hồ điều hòa… Với quy mô hơn 31,8 ha, dự án cung cấp cho thị trường 110 căn liền kề, 270 lô biệt thự cùng 3 tòa chung cư hơn 2.000 căn hộ.</p>
<p>Phối cảnh tổng thể Vinhomes Green Bay.<br />
Tại sao bạn nên mua căn hộ Vinhomes Green Bay<br />
Vị trí trung tâm phía Tây: Tọa lạc tại số 7 Đại lộ Thăng Long cách Trung tâm Hội nghị quốc gia 3 phút lái xe, kết nối trực tiếp tới Đường Vành đai 3, Trần Duy Hưng, Mễ Trì.<br />
Sản phẩm đa dạng &amp; đẳng cấp: Vinhomes Green Bay là KĐT biệt lập với các căn liền kề, shophouse, biệt thự và căn hộ chung cư thiết kế sang trọng trong quần thể cảnh quan và tiện ích hiện đại.<br />
Hồ điều hòa hơn 10 ha: Nằm sát công viên hồ điều hòa Mễ Trì, căn hộ Vinhomes Green Bay có tầm nhìn xanh ngát đáng mơ ước cùng không gian sống mát mẻ, dễ chịu giữa lòng thủ đô.<br />
Tiện ích 5* khép kín: Trường quốc tế Vinschool, khu vui chơi giải trí, cùng chuỗi tiện ích thương mại, dịch vụ đa dạng thương hiệu Vinhomes tạo ra quần thể đô thị khép kín với đầy đủ tiện nghi cho các cư dân.<br />
Chủ đầu tư uy tín: Là thương hiệu hàng đầu trong lĩnh vực xây dựng, phát triển bất động sản, Vinhomes Green Bay là sản phẩm tiếp theo được CĐT Vinhomes triển khai tại thị trường phía Tây.<br />
Cơ hội đầu tư hấp dẫn: Hội tụ những yếu tố vàng về vị trí, thiết kế, tiện ích, Vinhomes Green Bay sở hữu tiềm năng tăng giá trị hấp dẫn mà bất kì nhà đầu tư nào đang tìm kiếm.</p>
]]></content:encoded>
					
					<wfw:commentRss>http://https://github.com/BachGiaHuy/ghuytrang-bds.git/chi-tiet/vinhomes-green-bay/feed/</wfw:commentRss>
			<slash:comments>0</slash:comments>
		
		
			</item>
		<item>
		<title>T&#038;T RIVERVIEW</title>
		<link>http://https://github.com/BachGiaHuy/ghuytrang-bds.git/chi-tiet/tt-riverview/</link>
					<comments>http://https://github.com/BachGiaHuy/ghuytrang-bds.git/chi-tiet/tt-riverview/#respond</comments>
		
		<dc:creator><![CDATA[admin]]></dc:creator>
		<pubDate>Fri, 25 Aug 2017 16:45:10 +0000</pubDate>
				<guid isPermaLink="false">http://https://github.com/BachGiaHuy/ghuytrang-bds.git/?post_type=product#038;p=118</guid>

					<description><![CDATA[Tên đầy đủ: Tòa Nhà Hỗn Hợp Dịch Vụ, Thương Mại Và Căn Hộ Chung cư T&#38;T Riverview

Chủ đầu tư: Tập đoàn T&#38;T

Vị trí: số 440 Vĩnh Hưng, Hoàng Mai, Hà Nội

Tư vấn thiết kế: Công ty Cổ phần Tư vấn Kiến trúc Đô thị Hà Nội

Tổng thầu thi công: Công ty cổ phần xây dựng COTEC

Tổng diện tích Dự án: 8.260 m2

Diện tích đất xây dựng: trên 4.000 m2

Tổng diện tích sàn xây dựng: 98.673 m2

Tổng vốn đầu tư: 836 tỷ đồng

Quy mô dự án: Tòa nhà với 23 tầng nổi, 2 tầng hầm

Bàn Giao: Quý II/2017]]></description>
										<content:encoded><![CDATA[<p><strong>Chung cư T&amp;T Riverview</strong> tọa lạc tại trung tâm Quận Hoàng Mai, cách Times City chỉ 1,2 km, sở hữu kết nối thuận tiện tới trung tâm thành phố và các điểm tiện ích hiện đại của khu vực. Được xây dựng trên khu đất rộng 8.260 m2, chủ đầu tư T&amp;T Group dành tới hơn 55% diện tích dành cho cây xanh, hồ điều hòa và đường giao thông tạo ra không gian sống thoáng đãng, yên bình cho các cư dân.</p>
<div id="attachment_2480" class="wp-caption aligncenter">
<p><img decoding="async" class="wp-image-2480 size-full" src="http://diaocvinahomes.vn/wp-content/uploads/2017/03/3.png" sizes="(max-width: 1200px) 100vw, 1200px" srcset="http://diaocvinahomes.vn/wp-content/uploads/2017/03/3.png 1200w, http://diaocvinahomes.vn/wp-content/uploads/2017/03/3-768x474.png 768w, http://diaocvinahomes.vn/wp-content/uploads/2017/03/3-500x309.png 500w" alt="" width="1200" height="741" /></p>
<p class="wp-caption-text">Phối cảnh tổng thể dự án T&amp;T Riverview.</p>
</div>
]]></content:encoded>
					
					<wfw:commentRss>http://https://github.com/BachGiaHuy/ghuytrang-bds.git/chi-tiet/tt-riverview/feed/</wfw:commentRss>
			<slash:comments>0</slash:comments>
		
		
			</item>
		<item>
		<title>ROMAN PLAZA</title>
		<link>http://https://github.com/BachGiaHuy/ghuytrang-bds.git/chi-tiet/roman-plaza/</link>
					<comments>http://https://github.com/BachGiaHuy/ghuytrang-bds.git/chi-tiet/roman-plaza/#respond</comments>
		
		<dc:creator><![CDATA[admin]]></dc:creator>
		<pubDate>Fri, 25 Aug 2017 16:11:06 +0000</pubDate>
				<guid isPermaLink="false">http://https://github.com/BachGiaHuy/ghuytrang-bds.git/?post_type=product#038;p=79</guid>

					<description><![CDATA[Tên dự án: Roman Plaza

Vị trí: Đại Mỗ, Nam Từ Liêm

Chủ đầu tư: Công ty cổ phần đầu tư Hải Phát

Diện tích: 35.900 m2

Diện tích đất xây dựng: 12.468 m2

Mật độ xây dựng: 40%

Loại hình phát triển: Trung tâm thương mại, biệt thự liền kề và căn hộ cao cấp

Quy mô dự án: Tổ hợp khu biệt thự liền kề và 2 tháp căn hộ cao 25 tầng, 03 tầng hầm

Phân khu chức năng: Trung tâm thương mại, dịch vụ văn phòng &#38; căn hộ cao cấp

Số lượng: 804 căn hộ cao cấp, 39 căn liền kề, 4 căn biệt thự đơn lập và 16 căn biệt thự song lập

Diện tích căn hộ: 69 – 238 m2]]></description>
										<content:encoded><![CDATA[<p><strong>TỔNG QUAN DỰ ÁN ROMAN PLAZA</strong></p>
<p><img decoding="async" class="alignnone size-medium wp-image-1108" src="http://batdongsandxmb.net/wp-content/uploads/2017/06/o-o-t-o-du-om-pl-711x400.jpg" sizes="(max-width: 711px) 100vw, 711px" srcset="http://batdongsandxmb.net/wp-content/uploads/2017/06/o-o-t-o-du-om-pl-711x400.jpg 711w, http://batdongsandxmb.net/wp-content/uploads/2017/06/o-o-t-o-du-om-pl-768x432.jpg 768w, http://batdongsandxmb.net/wp-content/uploads/2017/06/o-o-t-o-du-om-pl.jpg 800w" alt="" width="711" height="400" /></p>
<p>Roman Plaza là tổ hợp trung tâm thương mại, biệt thự liền kề và căn hộ cao cấp nằm trên trục đường Lê Văn Lương kéo dài. Dự án có vị trí chiến lược khi nằm tại trung tâm trục giao thoa giữa các quận Thanh Xuân, Đống Đa, Nam Từ Liêm, Bắc Từ Liêm. Roman Plaza có diện tích gần 4 ha bao gồm trung tâm thương mại, biệt thự liền kề, nhà phố thương mại và căn hộ cao cấp.</p>
<p>Phối cảnh tổng thể dự án Roman Plaza.</p>
<p>Những lý do bạn nên sở hữu căn hộ Roman Plaza<br />
Vị trí thuận tiện: Nằm trên trục đường Tố Hữu – Lê Văn Lương, khu vực có tốc độ phát triển nhanh nhất tại Hà Nội. Dễ dàng kết nối giao thông vào trung tâm và các khu vực nội thành khác.<br />
Hệ thống tiện ích: Bên cạnh hệ thống tiện ích của dự án như bể bơi, phòng tập gym, công viên cây xanh, trung tâm thương mại,… dự án còn được thụ hưởng hạ tầng khu vực khác.<br />
Căn hộ đa dạng: với diện tích từ 69 – 238 m2 với nhiều loại căn hộ từ cơ bản, duplex, penthouse,… khách hàng dễ dàng lựa chọn căn hộ phù hợp với tài chính và nhu cầu sử dụng.<br />
Chủ đầu tư uy tín: Được phát triển bởi Tập đoàn Hải Phát. Tập đoàn đang tạo cục diện mới trên đường Tố Hữu với hàng loạt dự án bất động sản khủng chạy dọc cung đường Tố Hữu – Lê Văn Lương: Tân Tây Đô, Tòa nhà The Pride, Khu đô thị Văn Phú – Hà Đông,… đảm bảo tiến độ xây dựng cùng chất lượng công trình.</p>
]]></content:encoded>
					
					<wfw:commentRss>http://https://github.com/BachGiaHuy/ghuytrang-bds.git/chi-tiet/roman-plaza/feed/</wfw:commentRss>
			<slash:comments>0</slash:comments>
		
		
			</item>
	</channel>
</rss>
