<?xml version="1.0" encoding="UTF-8"?><rss version="2.0"
	xmlns:content="http://purl.org/rss/1.0/modules/content/"
	xmlns:dc="http://purl.org/dc/elements/1.1/"
	xmlns:atom="http://www.w3.org/2005/Atom"
	xmlns:sy="http://purl.org/rss/1.0/modules/syndication/"
	
	>
<channel>
	<title>
	Các phản hồi luận về: Hà Nội: Đất nền vùng ven chỉ 5 triệu đồng/m2 vẫn ế	</title>
	<atom:link href="http://https://github.com/BachGiaHuy/ghuytrang-bds.git/ha-noi-dat-nen-vung-ven-chi-5-trieu-dongm2-van-e/feed/" rel="self" type="application/rss+xml" />
	<link>http://https://github.com/BachGiaHuy/ghuytrang-bds.git/ha-noi-dat-nen-vung-ven-chi-5-trieu-dongm2-van-e/</link>
	<description>Thiết kế website đẹp - chuẩn SEO</description>
	<lastBuildDate>Sat, 26 Aug 2017 02:17:26 +0000</lastBuildDate>
	<sy:updatePeriod>
	hourly	</sy:updatePeriod>
	<sy:updateFrequency>
	1	</sy:updateFrequency>
	<generator>https://wordpress.org/?v=6.2.2</generator>
</channel>
</rss>
