<?xml version="1.0" encoding="UTF-8"?><rss version="2.0"
	xmlns:content="http://purl.org/rss/1.0/modules/content/"
	xmlns:dc="http://purl.org/dc/elements/1.1/"
	xmlns:atom="http://www.w3.org/2005/Atom"
	xmlns:sy="http://purl.org/rss/1.0/modules/syndication/"
	
	>
<channel>
	<title>
	Bình luận cho Bất động sản Bạch Gia Huy	</title>
	<atom:link href="http://https://github.com/BachGiaHuy/ghuytrang-bds.git/comments/feed/" rel="self" type="application/rss+xml" />
	<link>http://https://github.com/BachGiaHuy/ghuytrang-bds.git/</link>
	<description>Thiết kế website đẹp - chuẩn SEO</description>
	<lastBuildDate>Sat, 26 Aug 2017 02:16:06 +0000</lastBuildDate>
	<sy:updatePeriod>
	hourly	</sy:updatePeriod>
	<sy:updateFrequency>
	1	</sy:updateFrequency>
	<generator>https://wordpress.org/?v=6.2.2</generator>
	<item>
		<title>
		Phản hồi cho Đất nền nhiều nơi ở Hà Nội bị thổi giá gấp đôi sau một năm bởi Một người bình luận WordPress		</title>
		<link>http://https://github.com/BachGiaHuy/ghuytrang-bds.git/dat-nen-nhieu-noi-o-ha-noi-bi-thoi-gia-gap-doi/#comment-1</link>

		<dc:creator><![CDATA[Một người bình luận WordPress]]></dc:creator>
		<pubDate>Fri, 25 Aug 2017 14:12:35 +0000</pubDate>
		<guid isPermaLink="false">http://https://github.com/BachGiaHuy/ghuytrang-bds.git/?p=1#comment-1</guid>

					<description><![CDATA[Xin chào, đây là một bình luận
Để bắt đầu với quản trị bình luận, chỉnh sửa hoặc xóa bình luận, vui lòng truy cập vào khu vực Bình luận trong trang quản trị.
Avatar của người bình luận sử dụng &lt;a href=&quot;https://gravatar.com&quot;&gt;Gravatar&lt;/a&gt;.]]></description>
			<content:encoded><![CDATA[<p>Xin chào, đây là một bình luận<br />
Để bắt đầu với quản trị bình luận, chỉnh sửa hoặc xóa bình luận, vui lòng truy cập vào khu vực Bình luận trong trang quản trị.<br />
Avatar của người bình luận sử dụng <a href="https://gravatar.com/">Gravatar</a>.</p>
]]></content:encoded>
		
			</item>
	</channel>
</rss>
