<?xml version="1.0" encoding="UTF-8"?><rss version="2.0"
	xmlns:content="http://purl.org/rss/1.0/modules/content/"
	xmlns:wfw="http://wellformedweb.org/CommentAPI/"
	xmlns:dc="http://purl.org/dc/elements/1.1/"
	xmlns:atom="http://www.w3.org/2005/Atom"
	xmlns:sy="http://purl.org/rss/1.0/modules/syndication/"
	xmlns:slash="http://purl.org/rss/1.0/modules/slash/"
	>

<channel>
	<title>Tin tức &#8211; sự kiện &#8211; Bất động sản Bạch Gia Huy</title>
	<atom:link href="http://https://github.com/BachGiaHuy/ghuytrang-bds.git/category/tin-tuc/feed/" rel="self" type="application/rss+xml" />
	<link>http://https://github.com/BachGiaHuy/ghuytrang-bds.git/</link>
	<description>Thiết kế website đẹp - chuẩn SEO</description>
	<lastBuildDate>Sat, 26 Aug 2017 02:18:07 +0000</lastBuildDate>
	<language>vi</language>
	<sy:updatePeriod>
	hourly	</sy:updatePeriod>
	<sy:updateFrequency>
	1	</sy:updateFrequency>
	<generator>https://wordpress.org/?v=6.2.2</generator>
	<item>
		<title>Dự án cao cấp tại Hà Nội đạt giải thưởng BĐS châu Á</title>
		<link>http://https://github.com/BachGiaHuy/ghuytrang-bds.git/du-an-cao-cap-tai-ha-noi-dat-giai-thuong-bds-chau-a/</link>
					<comments>http://https://github.com/BachGiaHuy/ghuytrang-bds.git/du-an-cao-cap-tai-ha-noi-dat-giai-thuong-bds-chau-a/#respond</comments>
		
		<dc:creator><![CDATA[admin]]></dc:creator>
		<pubDate>Sat, 26 Aug 2017 02:18:07 +0000</pubDate>
				<category><![CDATA[Tin tức - sự kiện]]></category>
		<guid isPermaLink="false">http://https://github.com/BachGiaHuy/ghuytrang-bds.git/?p=237</guid>

					<description><![CDATA[Với những ưu điểm trong thiết kế, dự án D’. Capitale là đề cử giúp tập đoàn Tân Hoàng Minh lần thứ 2 lọt top 10 nhà đầu tư hàng đầu của BCI Asia Adwards 2017. BCI Asia Adwards là một trong những giải thưởng danh giá của ngành công nghiệp xây dựng tại châu [...]]]></description>
										<content:encoded><![CDATA[<p class="the-article-summary cms-desc">Với những ưu điểm trong thiết kế, dự án D’. Capitale là đề cử giúp tập đoàn Tân Hoàng Minh lần thứ 2 lọt top 10 nhà đầu tư hàng đầu của BCI Asia Adwards 2017.</p>
<div class="the-article-body cms-body">
<p>BCI Asia Adwards là một trong những giải thưởng danh giá của ngành công nghiệp xây dựng tại châu Á. Sự kiện được tổ chức thường niên tại 7 quốc gia trong khu vực, bao gồm: Hong Kong, Indonesia, Malaysia, Philippines, Singapore, Thái Lan và Việt Nam.</p>
<p>Lần thứ 13 tổ chức, BCI Asia Adwards tôn vinh những chủ đầu tư uy tín đã có đóng góp lớn vào sự phát triển của kiến trúc đô thị, công trình xây dựng Việt Nam. Giải thưởng BCI Asia Top 10 được trao cho 10 đơn vị kiến trúc và 10 chủ đầu tư hàng đầu, trong đó có Tân Hoàng Minh. Lần thứ 2 nhận được danh hiệu top 10 nhà đầu tư hàng đầu, Tân Hoàng Minh ghi dấu ấn với dự án D’. Capitale.</p>
<table class="picture" align="center">
<tbody>
<tr>
<td class="pic"><img decoding="async" src="http://znews-photo-td.zadn.vn/w660/Uploaded/wyhktpu/2017_05_29/image001_8.jpg" alt="Du an cao cap tai Ha Noi dat giai thuong BDS chau A hinh anh 1" width="800" height="534" /></td>
</tr>
<tr>
<td class="pCaption caption">Đại diện Tập đoàn Tân Hoàng Minh nhận giải thưởng.</td>
</tr>
</tbody>
</table>
<p>Dự án D’. Capitale. tọa lạc ở trung tâm hành chính, văn hóa, giáo dục trong quy hoạch phát triển chiến lược mới của Hà Nội. Mặt tiền hướng ra đại lộ Trần Duy Hưng, Khuất Duy Tiến và Hoàng Minh Giám. Nằm tiếp giáo công viên hồ điều hòa Nhân Chính rộng 13 ha, cư dân tại đây sở hữu một không gian sống lý tưởng.</p>
<table class="picture" align="center">
<tbody>
<tr>
<td class="pic"><img decoding="async" src="http://znews-photo-td.zadn.vn/w660/Uploaded/wyhktpu/2017_05_29/image005_3.jpg" alt="Du an cao cap tai Ha Noi dat giai thuong BDS chau A hinh anh 2" width="500" height="375" /></td>
</tr>
<tr>
<td class="pCaption caption">D’. Capitale là dự án đưa Tân Hoàng Minh Group vào top 10 chủ đầu tư của giải thưởng BCI Asia Adwards.</td>
</tr>
</tbody>
</table>
<p>Dự án này bao gồm 6 tòa tháp căn hộ hạng sang cao 39 &#8211; 46 tầng với phong cách kiến trúc hiện đại, hệ thống hơn 40 cảnh quan xanh. Cùng với đó là hệ thống tiện ích toàn diện đi kèm chất lượng dịch vụ 5 sao gồm: trung tâm thương mại, siêu thị, bể bơi ngoài trời, đài ngắm cảnh, phòng gym…</p>
</div>
]]></content:encoded>
					
					<wfw:commentRss>http://https://github.com/BachGiaHuy/ghuytrang-bds.git/du-an-cao-cap-tai-ha-noi-dat-giai-thuong-bds-chau-a/feed/</wfw:commentRss>
			<slash:comments>0</slash:comments>
		
		
			</item>
		<item>
		<title>Hà Nội: Đất nền vùng ven chỉ 5 triệu đồng/m2 vẫn ế</title>
		<link>http://https://github.com/BachGiaHuy/ghuytrang-bds.git/ha-noi-dat-nen-vung-ven-chi-5-trieu-dongm2-van-e/</link>
					<comments>http://https://github.com/BachGiaHuy/ghuytrang-bds.git/ha-noi-dat-nen-vung-ven-chi-5-trieu-dongm2-van-e/#respond</comments>
		
		<dc:creator><![CDATA[admin]]></dc:creator>
		<pubDate>Sat, 26 Aug 2017 02:17:17 +0000</pubDate>
				<category><![CDATA[Tin tức - sự kiện]]></category>
		<guid isPermaLink="false">http://https://github.com/BachGiaHuy/ghuytrang-bds.git/?p=234</guid>

					<description><![CDATA[Anh Hải Nam, một nhân viên môi giới nhà đất cho hay: phân khúc thị trường đất nền nằm trong các dự án vẫn đang vô cùng trầm lắng, không biết bao giờ mới “sôi” trở lại. Theo anh Nam, khá nhiều khách đã gửi anh rao bán lại đất nền dự án nhưng nhiều [...]]]></description>
										<content:encoded><![CDATA[<p>Anh Hải Nam, một nhân viên môi giới nhà đất cho hay: phân khúc thị trường đất nền nằm trong các dự án vẫn đang vô cùng trầm lắng, không biết bao giờ mới “sôi” trở lại. Theo anh Nam, khá nhiều khách đã gửi anh rao bán lại đất nền dự án nhưng nhiều tháng nay không có mấy khách hàng hỏi mua. Đa số khách hàng có nhu cầu mua đất chỉ quan tâm đến những lô đất nhỏ lẻ trong khu dân cư. Dù giá có đắt hơn chút nhưng người mua lại quan tâm đến đất thổ cư hơn là đất dự án bởi khách hàng không muốn bị ép tiến độ, quy cách, diện tích xây dựng theo quy hoạch đã duyệt.</p>
<p>Mặc dù việc cho phép phân lô bán nền trở lại tại một số khu vực đã có hiệu lực từ ngày 5/1, thế nhưng đến nay phân khúc này khá trầm lắng, ế ẩm.</p>
<p>Theo khảo sát của PV, trên thị trường Hà Nội hiện nay đất nền được rao bán với mức giá khá rẻ, nhất là những khu vực xa trung tâm Hà Nội.</p>
<p>Đơn cử, chính chủ một lô đất liền kề dự án khu đô thị Cienco 5 Mê Linh (Hà Nội) đang rao bán 100m2, mặt tiền 5m, mức giá 7 triệu đồng/m2, nếu khách mua thì có thể xây dựng được ngay.</p>
<p>Thậm chí, có chủ lô đất nền hơn 180m2 ở khu đô thị Chi Đông, Mê Linh còn rao bán cắt lỗ để lất tiền kinh doanh, chỉ với giá 5,5 triệu đồng/m2. Thế nhưng, rao từ lâu cũng chưa có khách nào mua.</p>
<p>Còn tại những vị trí khác như khu đô thị Phú Lương (Hà Đông) nhiều người rao bán đất liền kề với diện tích 60m2, mặt tiền 5m, đường 12m có giá 21 triệu đồng/m2, khách hàng nào có nhu cầu mua sau khi nhận bàn giao đất được tự xây theo quy hoạch đã được phê duyệt. Tương tự, đất liền kề khu Văn Phú hiện đang rao bán 30 triệu đồng/m2, diện tích một lô từ 76 đến 90m2.</p>
<table class="image center" width="400" cellspacing="0" cellpadding="0" align="center">
<tbody>
<tr>
<td><a class="slide2014 cboxElement" title="Thị trường đất nền vẫn trong cảnh trầm lắng, ít giao dịch." href="http://imgs.vietnamnet.vn/Images/vnn/2014/04/14/08/20140414080527-dat-nen.jpg"><img decoding="async" title="đất-nền, ven-đô, vùng-ven, Hà-Nội, nhà-đất, ế-ẩm, chung-cư, căn-hộ, dự-án, đầu-tư" src="http://imgs.vietnamnet.vn/Images/vnn/2014/04/14/08/20140414080527-dat-nen.jpg" alt="đất-nền, ven-đô, vùng-ven, Hà-Nội, nhà-đất, ế-ẩm, chung-cư, căn-hộ, dự-án, đầu-tư" /></a></td>
</tr>
<tr>
<td class="image_desc">Thị trường đất nền vẫn trong cảnh trầm lắng, ít giao dịch.</td>
</tr>
</tbody>
</table>
<p>Trao đổi với PV Infonet, ông Lê Ngọc Quỳnh, Giám đốc sàn giao dịch bất động sản 24h cho biết: Phân khúc đất nền hiện cũng chỉ túc tắc có giao dịch, chủ yếu là tại những dự án mới chào bán, như dự án Ao Sào ở Hoàng Mai, có mức giá trên 20 triệu đồng/m2.</p>
<p>“Tại những khu vực xa trung tâm như ở Mê Linh cũng ít có khách hàng quan tâm, giao dịch vẫn chậm, mỗi tháng chỉ có khoảng 2-3 giao dịch. Kể từ ngày Thông tư 20 có hiệu lực, cho phép phân lô bán nền tại một số khu vực thì tại Hà Nội vẫn chưa có thêm dự án mới “bung” ra thị trường. Hiện, khách hàng giao dịch tại sàn chúng tôi chủ yếu quan tâm đến phân khúc chung cư, có tới 90% giao dịch đối với khách hàng hỏi mua căn hộ chung cư, chỉ có khoảng 10% giao dịch với khách hỏi mua đất nền”, ông Quỳnh cho hay.</p>
<p>Sở dĩ phân khúc đất nền ảm đạm, theo ông Nguyễn Hồng Sơn, Trưởng bộ phận định giá và tư vấn tài chính Công ty Savills Hà Nội lý giải: Đất dự án tuy có lợi thế về cơ sở hạ tầng đồng bộ nhưng lại có nhược điểm là không có sự đảm bảo sẽ có nhiều dân cư đến ở, tạo thành cộng đồng mới, nhiều dự án để không, ít người đến ở. Cùng với đó, tính tiện ích trong sử dụng thấp, nguồn cung quá nhiều, người bán không bán được nên giá đất nền một số dự án còn thấp hơn giá đất thổ cư.</p>
]]></content:encoded>
					
					<wfw:commentRss>http://https://github.com/BachGiaHuy/ghuytrang-bds.git/ha-noi-dat-nen-vung-ven-chi-5-trieu-dongm2-van-e/feed/</wfw:commentRss>
			<slash:comments>0</slash:comments>
		
		
			</item>
		<item>
		<title>Xu hướng kinh doanh 2017 – Kinh doanh gì bây giờ lãi lớn</title>
		<link>http://https://github.com/BachGiaHuy/ghuytrang-bds.git/xu-huong-kinh-doanh-2017-kinh-doanh-gi-bay-gio-lai-lon/</link>
					<comments>http://https://github.com/BachGiaHuy/ghuytrang-bds.git/xu-huong-kinh-doanh-2017-kinh-doanh-gi-bay-gio-lai-lon/#respond</comments>
		
		<dc:creator><![CDATA[admin]]></dc:creator>
		<pubDate>Sat, 26 Aug 2017 02:14:32 +0000</pubDate>
				<category><![CDATA[Tin tức - sự kiện]]></category>
		<guid isPermaLink="false">http://https://github.com/BachGiaHuy/ghuytrang-bds.git/?p=229</guid>

					<description><![CDATA[Kinh doanh gì năm 2017 vốn ít dễ làm giàu? Ở nông thôn nên kinh doanh gì bây giờ dễ thu lợi nhuận? Trong bài viết này tôi gợi ý một số ý tưởng đang là xu hướng kinh doanh năm 2017, 2018 vốn nhỏ, thực tiễn, phù hợp cả với các bạn muốn kinh [...]]]></description>
										<content:encoded><![CDATA[<p>Kinh doanh gì năm 2017 vốn ít dễ làm giàu? Ở nông thôn nên kinh doanh gì bây giờ dễ thu lợi nhuận? Trong bài viết này tôi gợi ý một số ý tưởng đang là xu hướng kinh doanh năm 2017, 2018 vốn nhỏ, thực tiễn, phù hợp cả với các bạn muốn kinh doanh ở quê, hay tại các thành phố lớn.</p>
<p><strong>I, Kinh doanh gì năm 2017 ở nông thôn?</strong></p>
<p>Kinh doanh năm 2017 đang nóng dần với những ý tưởng khởi nghiệp làm giàu tại nông thôn. Nhiều bạn trẻ sau khi học Đại học ra trường, đã lựa chọn cách trở lại vùng quê của mình để khởi nghiệp kinh doanh, với nhiều mô hình khác nhau, từ trồng các loại cây ăn quả, chăn nuôi sản xuất, cho đến mở các nhà xưởng, quán ăn hay dịch vụ… Dưới đây sẽ là 8 ý tưởng kinh doanh gì ở nông thôn dự báo sẽ là xu hướng kinh doanh mới cho năm 2017 này.</p>
<p><strong>Kinh doanh gì năm 2017 bây giờ dễ thực hiện nhất?</strong></p>
<p><img decoding="async" src="http://baoquangngai.com.vn/dataimages/201407/original/images974777_VUONAO.jpg" alt="Kết quả hình ảnh cho vuon ao chuong" /></p>
<p><strong>Mô hình trang trại Vườn – Ao – Chuồng (V-A-C)</strong></p>
<p>Mô hình vườn ao chuồng chắc hẳn ai cũng đã từng nghe qua. Và có thể nghĩ phương pháp  này đã không còn phù hợp với hiện nay tuy nhiên điều đó hoàn toàn sai lầm. Với diện tích đất rộng, kết hợp với khí hậu ôn hòa thì đây vẫn là mô hình tuyệt vời cho những bạn trẻ đang muốn khởi nghiệp làm giàu tại nông thôn.</p>
<p>Với mô hình vườn – ao – chuồng số vốn ban đầu bỏ ra từ 150 – 200 triệu, tùy thuộc vào quy mô của trang trại, trước tiên cần bắt tay xây dựng hệ thống chuồng trại chăn nuôi các loại gia súc, gia cầm và kết hợp với đó là cải tạo hồ để thả cá. Bước tiếp theo đầu tư con giống, cây giống và thức ăn cho gia cầm, từ gia cầm có thể tận dụng chất thải làm phân bón rất tốt cho cây trồng.</p>
<p>Khi hệ thống chăn nuôi gia cầm, gia xúc, hồ thả cá đã dần đi vào hoạt động ổn định, có thể đầu tư thêm các lán nhỏ cạnh hồ nhằm hướng đến khách du lịch sinh thái, câu cá và tham quan nhằm tăng thêm thu nhập. Để tìm hiểu rõ hơn về mô hình này, bạn có thể tham khảo chi tiết trong bài viết 4 ý tưởng kinh doanh nhỏ lẻ vốn ít 2017</p>
<p><img decoding="async" src="http://streaming1.danviet.vn/upload/2-2016/images/2016-06-27/14669989626094-20082015095729_116.jpg" alt="Kết quả hình ảnh cho nuoi lon rung" /></p>
<p><strong>Nuôi lợn rừng</strong></p>
<p>Thịt lợn nuôi tăng trọng, thịt lợn bẩn xuất hiện ngày càng nhiều khiến cho người tiêu dùng vô cùng lo lắng. Nên nhu cầu sử dụng thịt lợn rừng ngày càng tăng cao và món thịt lợn rừng cũng là món khoái khẩu của rất nhiều gia đình cũng như các nhà hàng lớn nên về đầu ra cho sản phẩm này các bạn hoàn toàn yên tâm. Vì thế, nuôi lợn rừng bán thịt dự báo sẽ là xu hướng kinh doanh hot trong năm 2017 tới đây.</p>
<p>Việc nuôi lợn rừng cũng rất đơn giản và đặc biệt thích hợp với nông thôn nơi có diện tích rộng, nhiều đồi núi. Vốn ban đầu bỏ ra khoảng 100 triệu – 150 triệu tùy thuộc vào quy mô, đầu tư chủ yếu về con giống, chuồng trại và thức ăn. Khi mới bắt đầu bạn nên nuôi với số lượng vừa phải để lấy kinh nghiệm cho lứa sau sao cho hiệu quả nhất.</p>
]]></content:encoded>
					
					<wfw:commentRss>http://https://github.com/BachGiaHuy/ghuytrang-bds.git/xu-huong-kinh-doanh-2017-kinh-doanh-gi-bay-gio-lai-lon/feed/</wfw:commentRss>
			<slash:comments>0</slash:comments>
		
		
			</item>
		<item>
		<title>Đất nền nhiều nơi ở Hà Nội bị thổi giá gấp đôi sau một năm</title>
		<link>http://https://github.com/BachGiaHuy/ghuytrang-bds.git/dat-nen-nhieu-noi-o-ha-noi-bi-thoi-gia-gap-doi/</link>
					<comments>http://https://github.com/BachGiaHuy/ghuytrang-bds.git/dat-nen-nhieu-noi-o-ha-noi-bi-thoi-gia-gap-doi/#comments</comments>
		
		<dc:creator><![CDATA[admin]]></dc:creator>
		<pubDate>Fri, 25 Aug 2017 14:12:35 +0000</pubDate>
				<category><![CDATA[Tin tức - sự kiện]]></category>
		<guid isPermaLink="false">http://https://github.com/BachGiaHuy/ghuytrang-bds.git/?p=1</guid>

					<description><![CDATA[Mua đất nền một dự án tại Hà Đông lúc mở bán cách đây một năm với giá 18-22 triệu đồng mỗi m2, đến nay anh Ngọc &#8211; một môi giới bất động sản kiêm nhà đầu tư &#8211; đang rao bán giá gấp đôi, dao động từ 40 đến 50 triệu đồng mỗi m2, [...]]]></description>
										<content:encoded><![CDATA[<p class="Normal">Mua đất nền một dự án tại Hà Đông lúc mở bán cách đây một năm với giá 18-22 triệu đồng mỗi m2, đến nay anh Ngọc &#8211; một môi giới bất động sản kiêm nhà đầu tư &#8211; đang rao bán giá gấp đôi, dao động từ 40 đến 50 triệu đồng mỗi m2, tùy vị trí. Một số lô anh đang quảng cáo là đẹp nhất dự án thậm chí được ra giá lên tới 56 triệu đồng mỗi m2.</p>
<p class="Normal">&#8220;Dự án hiện nay hạ tầng giao thông đang triển khai rất nhanh, một số tòa nhà cao tầng cư dân đã vào ở. Giá tăng là điều không khó hiểu&#8221;, anh Ngọc giải thích.</p>
<p class="Normal">Dù luôn quảng cáo &#8220;không có mà mua&#8221;, song thực tế, không ít lô tại dự án được nhà đầu tư này rao bán từ nửa năm nay vẫn chưa giao dịch được. Tuy vậy cứ mỗi lần rao bán, giá lại được đẩy lên cao hơn. Thậm chí một số lô dù hạ tầng chưa làm đến nơi, chưa giải phóng xong mặt bằng nhưng giá bán cũng được báo tăng 30-40% so với năm ngoái.</p>
<table class="tplCaption" border="0" cellspacing="0" cellpadding="3" align="center">
<tbody>
<tr>
<td><img decoding="async" src="https://i-kinhdoanh.vnecdn.net/2017/06/05/anh-2-6145-1496637837.jpg" alt="dat-nen-nhieu-noi-o-ha-noi-bi-thoi-gia-gap-doi-sau-mot-nam" data-natural-width="500" data-width="500" data-pwidth="500" /></td>
</tr>
<tr>
<td>
<p class="Image">Một trong những dự án các môi giới đang đẩy giá bán rất cao. <em>Ảnh: Ngọc Tuyên</em></p>
</td>
</tr>
</tbody>
</table>
<p class="Normal">&#8220;Không lâu nữa, khi dự án có hợp đồng mua bán và hạ tầng kết nối với một số tuyến đường lớn thì giá sẽ còn tăng&#8221;, một môi giới cho hay. Với giá bán như trên, một số lô, hiện giá rao đã tăng lên gấp đôi, từ 1,8 tỷ đồng thời điểm mở bán cuối năm ngoái lên trên dưới 4 tỷ đồng.</p>
<p class="Normal">Số lượng các sàn môi giới mở trụ sở tại dự án cũng &#8220;mọc lên như nấm&#8221; trong khoảng nửa năm nay. &#8220;Đó cũng là lý do khiến giá rao bán trên thị trường thứ cấp của dự án đang khá loạn, có thể cùng vị trí nhưng chênh nhau cả chục triệu đồng mỗi m2&#8221;, anh Khoa &#8211; một nhà đầu tư ở khu vực này cho hay.</p>
<p class="Normal"><strong>Theo chia sẻ của một số nhà đầu tư, giá rao bán đang bị một số sàn, môi giới đẩy lên quá cao so với thực tế giao dịch. </strong></p>
<p class="Normal">&#8220;Giá họ rao bán cao thế nhưng giao dịch được hay không lại là một câu chuyện khác. Có những lô rao cả năm vẫn không ai mua. Những mảnh đất này thường do các nhà đầu tư lớn ôm cả chục lô để găm hàng. Họ rao giá cao với tâm thế bán được thì bán, không thì họ vẫn để đó chờ tăng giá&#8221;, anh Khoa nói.</p>
<p class="Normal">Thực tế, giá rao bán khá cao, song thị trường không phải sốt giao dịch bởi hàng còn khá nhiều, nhu cầu người mua để ở không lớn, chủ yếu là nhà đầu tư. Giá giao dịch thực theo anh Khoa vị trí đẹp nhất thị trường vào khoảng 42-43 triệu đồng mỗi m2. Theo đó, mỗi lô có giá chênh khoảng 200 triệu đến 1 tỷ đồng tùy vị trí và mức độ hoàn thiện của hạ tầng.</p>
<p class="Normal">Không chỉ tại Hà Đông, ở một số địa bàn khác tại Hà Nội, các dự án bán đất nền, đất thổ cư, đất tái định cư cũng đang bị đẩy giá khá cao, đặc biệt ở những khu vực có một số tuyến giao thông lớn vừa thông xe. Dọc đường Trần Hữu Dực và đường tuyến đường 70 thuộc địa bàn Xuân Phương (Nam Từ Liêm) và Vân Canh (Hoài Đức)&#8230; từ nửa cuối năm ngoái đến nay, giá tăng khoảng 30-40%.</p>
<p class="Normal">Ví dụ dự án tại Xuân Phương, ngay đầu đường Trần Hữu Dực, giá bán cuối năm ngoái khoảng 36-42 triệu đồng mỗi m2, đến nay đang được các nhà đầu tư thứ cấp rao bán tới 50-70 triệu đồng. Lô đất tái định cư của anh Chung ở Xuân Phương cuối năm 2016 được rao bán giá 45 triệu đồng một m2 hiện đã có mức giá mới là 70 triệu đồng một m2.</p>
<p class="Normal">Những dự án dọc tuyến đường Trần Hữu Dực, sau khi cầu vượt thông xe cũng đang khá &#8220;loạn giá&#8221;, thậm chí cả những dự án còn &#8220;trên giấy&#8221;.</p>
<p class="Normal">&#8220;Ở mỗi khu vực khi có sự thay đổi về hạ tầng, bất động sản thường mất một thời gian biến động, thậm chí là loạn giá, đặc biệt trên thị trường giao dịch thứ cấp. Tuy nhiên, thực tế, giá rao bán và giao dịch thực có thể chênh lệch khá lớn. Người mua nên chọn thời điểm thị trường ổn định trở lại để quyết định việc xuống sẽ tránh được rủi ro hơn&#8221;, ông Nguyễn Tài Đức &#8211; Giám đốc một Sàn bất động sản Trường Linh cho hay.</p>
]]></content:encoded>
					
					<wfw:commentRss>http://https://github.com/BachGiaHuy/ghuytrang-bds.git/dat-nen-nhieu-noi-o-ha-noi-bi-thoi-gia-gap-doi/feed/</wfw:commentRss>
			<slash:comments>1</slash:comments>
		
		
			</item>
	</channel>
</rss>
